train_loss,val_loss,val_nrmse_loss,curr_epoch
0.5754668130322992,0.4182408599895218,1.0099700039355857,0
0.5397276846667975,0.35087072144532294,0.9057616171347527,1
0.5921784559945455,0.41830613359975843,0.9589135634223188,2
0.6087515140403813,0.38666549021277796,0.9268915621338039,3
0.6092716942261904,0.35621707216383647,0.9718057513734119,4
0.606278900109876,0.44474347956153226,0.975929382720285,5
0.5974960075316755,0.3952875884139418,0.9211781853449653,6
