train_loss,val_loss,val_nrmse_loss,curr_epoch
0.036971507699834545,0.00962298772986626,0.20126034564547837,0
0.024696500056411753,0.008508907283195791,0.19377052691831337,1
0.023744489500034712,0.00800627344900144,0.19019762092022094,2
0.023148758604837238,0.021872317634590105,0.2998494499356976,3
0.022820020418916488,0.007926695437641627,0.18956683078740483,4
0.0225092275736983,0.007651679475749519,0.18671343961249534,5
0.02231499752418657,0.0073509983936606215,0.1844666329820498,6
