train_loss,val_loss,val_nrmse_loss,curr_epoch
0.04129678340237568,0.01022011155653856,0.20453917053729231,0
0.025274670666287826,0.008787340310237151,0.19482527609517036,1
0.02413584686838362,0.00831646750225404,0.19267641775585864,2
0.023490816612773725,0.022639620263775074,0.308247369120867,3
0.02313100774921649,0.008123170694913782,0.19156501348409827,4
0.02279014725902921,0.007702051903989768,0.18721567304858971,5
0.022568586810587526,0.007436712607227085,0.1853588607624535,6
0.0223835382470836,0.007603624109136072,0.1866041367176588,7
0.02225787625478936,0.007304211078751565,0.1837296928607337,8
