train_loss,val_loss,val_nrmse_loss,curr_epoch
0.02925145431124815,0.009297249439388384,0.19997737178018327,0
0.025204600464531657,0.009224580441515595,0.1974263809961299,1
0.024557848070669498,0.008769121418542362,0.19705246588293537,2
0.024114537883030227,0.017481473400811198,0.2505002662854908,3
0.02415062940314468,0.009157324956018948,0.19535919539172583,4
0.02390949941639527,0.010055468274497596,0.2124278743491962,5
0.023999737620422668,0.008475468556073819,0.19316814387617018,6
