train_loss,val_loss,val_nrmse_loss,curr_epoch
0.42141019486571984,0.11741632073049436,0.7460313787806138,0
1488848.7334171894,0.5260511746729518,1.6025390348957722,1
10.493361917406993,0.7106175959046208,1.7706264265898355,2
0.8926965002230003,0.5766903526949684,1.6161530128646873,3
