train_loss,val_loss,val_nrmse_loss,curr_epoch
0.029309176901654178,0.009384482218088581,0.20283945405223716,0
0.026930765782912557,0.0085684415334865,0.19502903568961538,1
0.026428201507835876,0.008799628890998336,0.19599928901809377,2
0.025748190640324253,0.03322935529161482,0.3187636587388261,3
0.02593652116169344,0.008873565671443782,0.1987256167443727,4
0.025689340445303747,0.00859487411698549,0.19680224903818205,5
0.025452948226953327,0.009444913457776236,0.20240310111180929,6
0.025510274283520044,0.009473977123346416,0.20293410112682325,7
