train_loss,val_loss,val_nrmse_loss,curr_epoch
0.5734539012035053,0.3414272743085351,1.0314741668404548,0
0.5816876619651136,0.41929725126321105,1.1170164478461375,1
0.5457450561999586,0.34529479234417554,1.0204733193628692,2
0.5618490034690402,0.3724294784580645,1.0837253085130545,3
0.5669308159046669,0.3513203446913789,1.0034701786798403,4
0.6045185855899862,0.39482295752931873,1.0776999869030315,5
0.5729407525307825,0.3305504983943967,1.0286462705228632,6
