train_loss,val_loss,val_nrmse_loss,curr_epoch
0.03143413152909903,0.00972724192229768,0.2052476528159606,0
0.026178484990066236,0.008668242878370114,0.19385326769839933,1
0.025436020304674442,0.010996022580745501,0.21560208570896344,2
0.024922634117112256,0.020233632795160786,0.27063820816321715,3
0.02433183566285781,0.00823600305078717,0.1901638017312453,4
0.023785967973883375,0.007888851224866334,0.1885698374718792,5
