train_loss,val_loss,val_nrmse_loss,curr_epoch
0.034964423867139174,0.009140565730709824,0.19881782586544056,0
0.02372896026531722,0.008159559115373338,0.192867877539364,1
0.02293591294861957,0.007871342403829508,0.1888981074971996,2
0.02245763839819939,0.022915453646151464,0.2913267789141557,3
0.022262525241510907,0.008071492455262503,0.19110277743858403,4
