train_loss,val_loss,val_nrmse_loss,curr_epoch
0.03719233970244863,0.009356946478074286,0.2011815399238929,0
0.023971594351680673,0.00840628496526122,0.1936812886789765,1
0.023156603266132048,0.007885429863002044,0.18856408085748633,2
0.022686600863899887,0.03556091879640053,0.34154069459215913,3
0.022548035323635505,0.008256551036548548,0.19137478563499352,4
0.022283660901960618,0.007164925327748764,0.1798001227850119,5
0.022195517845160447,0.007153852480817279,0.18086079394171836,6
0.02204208968041007,0.007233764977481281,0.18048743176167106,7
