train_loss,val_loss,val_nrmse_loss,curr_epoch
0.15514207296008548,0.07982388873462223,0.5586404595583978,0
0.08871625770052108,0.03751910294180067,0.4115065370019394,1
