train_loss,val_loss,val_nrmse_loss,curr_epoch
0.029891450376399092,0.009160508406662361,0.19958674740205465,0
0.026662638644358257,0.008846359769110199,0.1965428121831741,1
0.02700388365395333,0.00984046843266666,0.20719106877186494,2
0.02637907854614681,0.028009056828001744,0.31592199796154474,3
0.026183914073983704,0.009388961672027822,0.20245404707677972,4
0.02618503465178016,0.00918849697012555,0.20049794943269345,5
0.026835554224751257,0.008782403492265915,0.1966930115732467,6
0.025887375527348974,0.009054821161827736,0.19800628609929158,7
