train_loss,val_loss,val_nrmse_loss,curr_epoch
0.9224071011560899,0.7327242663898479,1.8025489270999353,0
1.0089450492228826,0.7340946485137462,1.8084445409099454,1
0.9761899492018019,0.7300475336233894,1.7865301718476265,2
0.997924508942463,0.7336320212934921,1.806329335410863,3
0.9914270670912719,0.728917213688285,1.773996226998044,4
0.9719545722650469,0.7315614692906055,1.7960177753339284,5
0.9969676278487055,0.731635500940893,1.7960980780450055,6
