train_loss,val_loss,curr_epoch
1.9861332288046007,0.9600280517540036,0
1.983709866438154,0.9603694812007608,1
