train_loss,val_loss,curr_epoch
0.40890741948670195,0.2241720201417017,0
