train_loss,val_loss,val_nrmse_loss,curr_epoch
1.0007749802680201,0.7297730744218787,1.8001044457783888,0
