train_loss,val_loss,val_nrmse_loss,curr_epoch
0.16419048452924123,0.09602737312067006,0.6008167357312892,0
0.09442157498446516,0.03935053282639251,0.43092724044320024,1
0.07481221079890626,0.03961300817235042,0.4238816174219644,2
0.0663156781026719,0.03437343764278553,0.41445145438874254,3
0.06012318920988068,0.05186804076892829,0.47135145815143326,4
