train_loss,val_loss,val_nrmse_loss,curr_epoch
0.03788721687800273,0.009351137794975156,0.20120557151051796,0
0.023978722834744153,0.008053526323168988,0.1899995429511119,1
0.023226884767726396,0.008037493161963317,0.1902605573517165,2
0.02281272498935368,0.03364339229022559,0.326749226664067,3
0.022657360640897226,0.008335755058577782,0.1918586177146976,4
0.022404575871471356,0.007402602813399009,0.18290600253579836,5
0.022309415323289932,0.007316813281507469,0.18298842833162376,6
