train_loss,val_loss,val_nrmse_loss,curr_epoch
0.03255670104917906,0.008870889770075337,0.19813878655302392,0
0.023348077841956635,0.007952531066003857,0.19022258857095378,1
0.022772305832171397,0.007751178949043691,0.18759620971846977,2
0.022398453588047453,0.023595837452764598,0.28794705864958603,3
0.022309459082344572,0.007927211723974278,0.18913395079217452,4
0.022075118260266247,0.0070210253795132405,0.17863670375934546,5
