train_loss,val_loss,curr_epoch
0.041202925,0.016045129,0
0.036383938,0.016342578,1
0.033277925,0.0111385975,2
0.0278058,0.1196332,3
0.03089688,0.016158737,4
0.029979883,0.010351787,5
0.02938222,0.012926199,6
0.030745715,0.012276072,7
0.03150003,0.013692558,8
0.029988687,0.012716416,9
0.028006189,0.011715728,10
0.027835092,0.012555684,11
0.028983327,0.010919948,12
