train_loss,val_loss,val_nrmse_loss,curr_epoch
0.1266027804080943,0.06835670785278389,0.5241146942840033,0
0.09135652647175108,0.051507203137341515,0.47732227655328985,1
