train_loss,val_loss,val_nrmse_loss,curr_epoch
0.029351304002100443,0.011191516580757309,0.21097235948514273,0
0.025226103570643418,0.009156454133434017,0.19645251376076617,1
0.024996170372759616,0.009370463882224428,0.20234514899923614,2
0.024125867380260388,0.01338374015838445,0.22708944617893892,3
0.02376218322691443,0.008236738637614477,0.19061211870661657,4
