train_loss,val_loss,val_nrmse_loss,curr_epoch
0.03046932532523601,0.009249543053513954,0.19945030500552824,0
0.02487188210639464,0.008028057463934847,0.18777105112680703,1
0.024223666610823827,0.009131724605460608,0.20170022802528864,2
0.02408116428704241,0.016017190757965385,0.25943553145350157,3
0.023966542317040304,0.008991139801705158,0.19605288447337513,4
0.023791936110557823,0.008401717566290056,0.19153818697795183,5
0.023780444305105213,0.008966681689314335,0.1988160408937715,6
0.023515572712911836,0.00840083426580075,0.19242711165309626,7
