train_loss,val_loss,val_nrmse_loss,curr_epoch
0.03411606953762596,0.009053821869223279,0.19681060467401917,0
0.02430277454355967,0.008363020070173335,0.19350440845571734,1
0.02342248490800832,0.007876086856756098,0.18946038984991004,2
0.022857951333237064,0.013872963854334423,0.23652343024342704,3
0.02265131451402194,0.008005497274565967,0.1904070219178201,4
0.022415647177364776,0.007055284648836244,0.18042663995348276,5
0.02229309528161244,0.007151983964123347,0.18173855652378004,6
0.022141841366573333,0.007277327774714312,0.18129987858073826,7
