train_loss,val_loss,val_nrmse_loss,curr_epoch
0.025938082900073076,0.03740577176651741,0.3270573521363091,0
0.009122956924194096,0.032157292645680124,0.3088933252132427,1
0.008077185297688451,0.02926803899203988,0.29956471326741474,2
0.007655290143874295,0.02801431682804386,0.29254081076290084,3
0.007465053586839895,0.028977295650354784,0.30689641455030625,4
0.007270557368877741,0.027860209715679908,0.29077295634809686,5
0.007181521671225287,0.03000278975426406,0.29581783439847287,6
0.0070701208304871765,0.026606354493075537,0.2855702062787296,7
0.006975523194163472,0.026579453702754916,0.2837189829023178,8
