train_loss,val_loss,val_nrmse_loss,curr_epoch
0.03209713119400058,0.008450032610873884,0.19326389050829607,0
0.023762866209667763,0.008167640070854526,0.19165869067802027,1
0.02308465442223584,0.007624528851745215,0.1867197558811175,2
0.022602293278946643,0.015666142801402702,0.2454814287670549,3
0.022455816767397573,0.007765007142723404,0.18804939579447258,4
0.022264906765847275,0.006961235334351183,0.17891006590972508,5
0.022144174660238596,0.007058004646954619,0.18055113891699323,6
