train_loss,val_loss,val_nrmse_loss,curr_epoch
0.030994447093323364,0.00888066837264235,0.20135783058980733,0
0.02316527433164834,0.00777977162990926,0.18882287586466343,1
0.022644838949315103,0.007774744609179981,0.18776316757170555,2
0.022275746717617874,0.015012452508667572,0.24425361220136538,3
0.022154560728531933,0.007737177366169026,0.18687071495335336,4
0.021932461754315107,0.006951559599860129,0.17868670347309462,5
0.021859439820489157,0.007068782210416761,0.18007273831429432,6
