train_loss,val_loss,val_nrmse_loss,curr_epoch
0.03067107449839488,0.009293876309928891,0.20373851252089853,0
0.027014445426515783,0.010039316368236904,0.20962456694510398,1
0.02655190329914853,0.010091546779512834,0.2100687814356066,2
0.027033682589858655,0.02428291979538593,0.3014141468505973,3
0.0274554648435468,0.011004587658648852,0.21380391280230798,4
0.028235783617234694,0.010033675744815378,0.2069553749914777,5
0.028758644913370282,0.010651297116864824,0.21625631959620678,6
0.026823123620335725,0.01155962312071036,0.22014476164066246,7
0.02698022360683402,0.009922213854028611,0.20797435009305304,8
