train_loss,val_loss,val_nrmse_loss,curr_epoch
6083.556978674531,0.6028771469187195,1.5237405665011583,0
1.7005429385850828,0.5305552193251215,1.450167471347217,1
153.8931210305369,0.4508823872653397,1.3137432763149495,2
0.810653344312587,0.46441720381846757,1.3784286725874217,3
1.1545163833769425,0.5926565440508944,1.583885812377573,4
1.075648087866073,0.729954606771531,1.7936432123965567,5
1.0115925019227006,0.7428862775393825,1.8494863818589427,6
0.980009316227354,0.7325190509999915,1.8086674772060853,7
