train_loss,val_loss,val_nrmse_loss,curr_epoch
0.04844944114319314,0.011654569882756509,0.21465502238355813,0
0.026254262364747354,0.00924726540697158,0.1964750932832991,1
0.024746799575657074,0.008649750511052944,0.1937664797357721,2
0.02399952031733603,0.02315455388256775,0.31718790817504594,3
0.023597363367137823,0.008129661563593491,0.19052118825822772,4
0.023224974573383145,0.008350964773238823,0.1934100295604274,5
0.022975486706769663,0.007661731360613587,0.18707289931020835,6
0.02277009662075957,0.007799172214637299,0.1871560425080592,7
0.022617914968089722,0.007500231152601201,0.18521997476081264,8
