train_loss,val_loss,val_nrmse_loss,curr_epoch
0.044608451994256906,0.010630748595288038,0.2075790359910625,0
0.02513783458521214,0.008703347014823015,0.19317419542217365,1
0.023881879042783282,0.008865342219383359,0.19785895152021754,2
0.023230325279459514,0.02823561795326382,0.3223684105835418,3
0.022921737674199225,0.008273662322412926,0.19206923394593103,4
0.022609065835205392,0.007590356244731272,0.1844314456605193,5
0.02243891032226627,0.007386492070256914,0.18421951175494466,6
0.022259827135591333,0.007599657089981623,0.18459152397657724,7
