train_loss,val_loss,val_nrmse_loss,curr_epoch
0.038122201831834096,0.009693671735132331,0.20225540617644083,0
0.024144417789687823,0.00829609028866037,0.1916751220794655,1
0.02323285809548657,0.008062028991709505,0.19088119159292138,2
0.022686589243810805,0.02679160048744396,0.3175175362116864,3
0.02244636977692776,0.00837206765565068,0.19429471668827872,4
0.022189013630503077,0.007282598510303748,0.18164701163498337,5
